Subject,Topic,Series,Video Package,Error
The Sumerians: Inventing the Future in Ancient Iraq,The Sumerians: Inventing the Future in Ancient Iraq,The Cradles of Civilization,"# The Sumerians: Inventing the Future in Ancient Iraq

## Series: The Cradles of Civilization

## Video Package

### I. The Cold Open: A Glimpse of the End

**(0:00-1:30)**

**Visual Prompt:** *Drone shot slowly panning over the desolate, wind-swept ruins of Ur. Crumbling ziggurats and forgotten walls stand against a stark, orange sunset. Focus on the intricate, yet eroded, brickwork. Transition to close-ups of cuneiform tablets half-buried in sand, then to a wide shot emphasizing the vast emptiness.* 

**Narrator (Calm, authoritative, empathetic):** The wind whispers through the skeletal remains of what was once a beacon of human ingenuity. Ur, a city that defied the desert, now stands as a monument to silence. Its towering ziggurats, once reaching for the heavens, are now mere shadows against the relentless march of time. Here, amidst the dust and echoes, lies the profound silence of a civilization that shaped the very bedrock of our world.

**Visual Prompt:** *Zoom in on a particularly poignant ruin, perhaps a collapsed archway or a broken statue. Overlay with ancient Sumerian script fading in and out.* 

**Narrator:** ""*The land was laid waste, the people were scattered, the cities were destroyed. The great gods had abandoned Sumer.*"" A lament from a forgotten age, echoing across millennia. How did a civilization that birthed the very concept of urban life, writing, and law, ultimately succumb to such a fate? What profound lessons can its rise and fall teach us about the enduring patterns of human history, about the fragile dance between innovation and collapse?

### II. The Genesis

**(1:30-7:00)**

**Visual Prompt:** *Animated map showing the Fertile Crescent, highlighting the Tigris and Euphrates rivers. Time-lapse animation showing the development of early settlements from scattered dots to larger clusters. Focus on lush, green riverbanks contrasting with arid surroundings.* 

**Narrator:** Our journey begins not in ruin, but in the cradle of life itself: Mesopotamia, the land between the rivers. The Tigris and Euphrates, twin arteries of sustenance, carved a fertile crescent through an otherwise unforgiving landscape. This unique geography presented both immense challenges and unparalleled opportunities. Annual floods, while destructive, deposited rich, alluvial silt, transforming barren earth into agricultural bounty. It was here, in this dynamic crucible, that humanity took its first decisive steps towards civilization.

**Visual Prompt:** *Reconstruction of an Ubaid period village, showing early mud-brick houses, rudimentary irrigation channels, and people engaged in farming and pottery. Transition to a more developed Eridu, with a small temple structure emerging.* 

**Narrator:** From nomadic hunter-gatherers, communities slowly coalesced, drawn by the promise of settled agriculture. The Ubaid period, stretching back to the 6th millennium BCE, saw the emergence of permanent villages, their inhabitants mastering irrigation and cultivating crops. These were the nascent stirrings of a new way of life, a collective endeavor that would culminate in the world's first cities. Eridu, often considered the oldest city, stands as a testament to this transformative era, a place where the sacred and the mundane began to intertwine.

**Visual Prompt:** *Artistic renditions of early Sumerian people, depicting their distinctive clothing and features. Show scenes of communal life, early religious rituals, and the development of unique pottery and art styles. Transition to depictions of Sumerian gods.* 

**Narrator:** As these communities grew, so too did a distinct Sumerian identity. Their language, unlike any other in the region, began to articulate a complex worldview. At its heart was a vibrant pantheon of gods: Enlil, the lord of the air; Enki, the god of wisdom and water; and Inanna, the goddess of love and war. These deities were not distant observers but active participants in human affairs, their whims shaping destinies. Creation myths, like the story of Enlil separating heaven and earth, provided a cosmic framework for existence, while epic tales, such as the legendary Gilgamesh, explored themes of mortality, friendship, and the human quest for meaning. Religion was not merely belief; it was the very fabric of their society, dictating laws, inspiring art, and legitimizing rulers.

### III. The Ascent & The Apex

**(7:00-15:00)**

**Visual Prompt:** *Animated map showing the growth of Sumerian city-states: Uruk, Ur, Lagash, Kish. Highlight the expansion of irrigation networks. CGI reconstruction of Uruk at its peak, showcasing its massive walls, ziggurat, and bustling streets.* 

**Narrator:** The fertile lands nurtured not one, but many centers of power. Independent city-states, each a sovereign entity with its own patron deity, began to flourish. Uruk, Ur, Lagash, and Kish rose as urban titans, their populations swelling, their influence expanding. The mastery of irrigation became the engine of their prosperity, transforming vast tracts of land into verdant fields, yielding unprecedented agricultural surpluses. This surplus fueled specialization, trade, and the development of complex social hierarchies, laying the groundwork for an explosion of innovation.

**Visual Prompt:** *Close-up on cuneiform tablets, showing the evolution from pictograms to more abstract wedge-shaped marks. Animation demonstrating how cuneiform was written on clay. Show scribes at work, meticulously recording transactions and stories.* 

**Narrator:** Perhaps the most profound Sumerian invention was writing itself. Cuneiform, meaning ""wedge-shaped,"" began as simple pictograms, evolving over centuries into a sophisticated system capable of expressing abstract thought. It was a revolution in communication, enabling meticulous record-keeping, complex administration, and the birth of literature. With cuneiform, history could be preserved, laws codified, and knowledge disseminated, transcending the limitations of oral tradition.

**Visual Prompt:** *CGI reconstruction of the Great Ziggurat of Ur, showing its scale and architectural grandeur. Animated cross-section revealing internal structures. Scenes of urban life: markets, workshops, public gatherings.* 

**Narrator:** The Sumerians were the world's first urban planners. Their cities were not merely collections of dwellings but meticulously organized centers of commerce, governance, and worship. Monumental architecture, epitomized by the awe-inspiring ziggurats, dominated the skyline, symbols of divine power and human ambition. These stepped temples, dedicated to their gods, were the spiritual and often administrative heart of the city-state. Beyond the temples, bustling markets teemed with merchants, artisans plied their trades, and complex legal codes, like the Code of Ur-Nammu, sought to bring order and justice to an increasingly intricate society. Kings, often seen as divine representatives, ruled alongside powerful priestly classes, creating a unique blend of religious and political authority.

**Visual Prompt:** *Animations depicting the invention of the wheel (potter's wheel, then cart wheel). Show early plows in action, copper smelting, and bronze casting. Illustrate basic Sumerian mathematical concepts (base-60 system) and astronomical observations.* 

**Narrator:** Their ingenuity extended far beyond writing and urbanism. The invention of the wheel revolutionized transport and pottery. The plow transformed agriculture, increasing yields and feeding growing populations. They mastered metallurgy, moving from copper to the stronger alloy of bronze, shaping tools and weapons that defined an era. In mathematics, they developed a sexagesimal (base-60) system, which still influences our measurement of time and angles today. Their astronomical observations, though rooted in astrology, laid the groundwork for future scientific inquiry. The structural strengths of Sumerian civilization lay in their unparalleled capacity for collective organization, resource management, and relentless technological and social innovation. This golden age was a testament to humanity's ability to harness its environment and build complex, thriving societies.

### IV. The Cracks in the Foundation

**(15:00-20:00)**

**Visual Prompt:** *Animated map showing city-states engaged in warfare, arrows indicating conflicts. Depictions of soldiers, siege warfare, and the destruction of cities. Transition to scenes of social unrest, perhaps a depiction of a wealthy elite feasting while commoners struggle.* 

**Narrator:** Yet, even at its zenith, the seeds of Sumer's eventual decline were being sown. The very independence that fostered innovation also fueled relentless internal strife. City-states, driven by ambition and competition for land and water, engaged in ceaseless warfare. The rise and fall of dominant cities became a cyclical pattern, a brutal geopolitical game where alliances shifted and power was constantly contested. This internal fragmentation, a persistent structural weakness, bled resources and diverted energy from collective progress.

**Visual Prompt:** *Visual representation of elite overproduction: a growing number of lavishly dressed priests and administrators, contrasted with increasingly burdened farmers. Show fields becoming barren, salt crystals visible on the soil.* 

**Narrator:** Beneath the surface of prosperity, other pressures mounted. The burgeoning complexity of Sumerian society led to what some historians term ""elite overproduction."" As the number of priests, scribes, and administrators grew, so did the demands placed upon the common populace to support them. This widening gap between the ruling elite and the working class created social friction, a simmering discontent that threatened stability. Concurrently, the very irrigation systems that had brought life to the land began to turn against it. Intensive, long-term irrigation in an arid climate led to the salinization of agricultural lands. Year after year, salt accumulated in the soil, diminishing yields and turning once-fertile fields into barren wastes. This environmental degradation, a slow but inexorable force, undermined the agricultural base upon which Sumerian civilization was built.

**Visual Prompt:** *Animated map showing the expansion of the Akkadian Empire, engulfing Sumerian city-states. Depictions of Sargon of Akkad as a powerful conqueror. Show Gutian invaders, then Elamite forces.* 

**Narrator:** As internal weaknesses festered, external threats loomed. From the north, the Akkadians, a Semitic-speaking people, grew in power. Under the charismatic leadership of Sargon, they swept through Mesopotamia, conquering the Sumerian city-states and forging the world's first empire. Sumerian political independence was shattered, their cities absorbed into a larger, centralized entity. Though Sumerian culture persisted, its political autonomy was lost. Later, nomadic Gutian tribes from the Zagros Mountains descended, bringing a period of chaos, followed by the final, devastating blow from the Elamites. Each invasion chipped away at the foundations, leaving Sumer increasingly vulnerable.

### V. The Collapse & The Echo

**(20:00-25:00)**

**Visual Prompt:** *Dramatic artistic rendering of the fall of Ur, perhaps a burning city or fleeing populace. Transition to a desolate landscape, then to a visual metaphor of Sumerian knowledge being passed on to Babylonian and Assyrian scribes.* 

**Narrator:** The final decline of Sumer was not a sudden cataclysm but a protracted process, a slow unraveling hastened by a confluence of factors. The brief resurgence during the Ur III period, a last flicker of Sumerian glory, ultimately succumbed to the same internal weaknesses and relentless external pressures. The Elamite invasion marked the definitive end of Sumer as a distinct political and cultural entity. Its cities lay in ruins, its people dispersed, and its language gradually faded from spoken use, replaced by Akkadian.

**Visual Prompt:** *Montage of Sumerian inventions and concepts: cuneiform, the wheel, ziggurats, legal tablets, astronomical charts. Show these evolving into later Mesopotamian, then broader global, concepts.* 

**Narrator:** Yet, to speak of Sumer's ""collapse"" is not to speak of its disappearance. What was lost in political sovereignty was gained in enduring legacy. The Sumerians were the ultimate innovators, and their inventions became the inheritance of all who followed. Writing, the wheel, urban planning, legal systems, mathematics, monumental architecture – these were not merely Sumerian achievements; they were foundational pillars upon which subsequent civilizations, from Babylon to Rome, would build. Their myths and epics, particularly the Epic of Gilgamesh, resonated through Mesopotamian literature and even influenced later Abrahamic traditions, demonstrating a profound cultural transmission that transcended political boundaries.

**Visual Prompt:** *Final shot: a modern city skyline, then slowly zoom out to a view of Earth from space. Overlay with a subtle animation of ancient Sumerian symbols. End with a thought-provoking image, perhaps a single, enduring cuneiform tablet.* 

**Narrator:** The story of Sumer is a powerful echo in the grand narrative of humanity. It reminds us of the cyclical nature of civilizations: the exhilarating ascent, the golden apex, the insidious cracks, and the inevitable, yet often transformative, collapse. It underscores the importance of adaptability, the perils of internal division, and the profound impact of environmental stewardship. But above all, Sumer's legacy is a testament to the enduring human quest for order, meaning, and innovation. In the silent ruins of Ur, we find not just a forgotten past, but a mirror reflecting our own present and future, a timeless reminder that even in collapse, the echoes of invention can shape the world for millennia to come. The Sumerians invented the future, and we are still living in its shadow.",
Hammurabi's Code: The Dawn of Law,Hammurabi's Code: The Dawn of Law,The Cradles of Civilization,"# Hammurabi's Code: The Dawn of Law

**Series:** The Cradles of Civilization
**Topic:** Hammurabi's Code: The Dawn of Law

## The Cold Open: A Glimpse of the End

**(Visual Prompt: Dark, dusty archaeological dig site. Close-up on a broken clay tablet, then pan out to show the vast, desolate Mesopotamian landscape under a harsh sun. Eerie, melancholic music begins.)**

**NARRATOR (Calm, authoritative, empathetic):** ""If a man has destroyed the eye of a man of the free class, they shall destroy his eye."" So reads the ancient decree, etched into stone, a stark pronouncement from a civilization long turned to dust. A whisper from the cradle of law, echoing across millennia. But what happens when the very foundations of justice begin to crumble? How did a society built on such precise principles ultimately succumb to the sands of time?

## Act I: The Genesis

**(Visual Prompt: Lush, animated maps showing the fertile crescent, the Tigris and Euphrates rivers. Time-lapse of early settlements growing into cities. Gentle, hopeful music.)**

**NARRATOR:** Our journey begins in the fertile crescent, a land cradled by the life-giving Tigris and Euphrates rivers. Here, where water met rich soil, humanity first dared to dream of permanence. From scattered villages, the Sumerians laid the groundwork for urban life, inventing writing, the wheel, and the very concept of the city-state. But with burgeoning populations and complex economies came an inevitable challenge: how to govern, how to arbitrate disputes, how to ensure order in a world constantly teetering on the brink of chaos. This was the crucible from which the idea of codified law would eventually emerge, a desperate need for structure in a land of shifting sands and human ambition.

## Act II: The Ascent & The Apex

(Content truncated due to size limit. Use line ranges to read remaining content)