The Sumerians: Inventing the Future in Ancient Iraq,"# The Sumerians: Inventing the Future in Ancient Iraq

## Introduction



Narrator: In the fertile crescent, nestled between the mighty Tigris and Euphrates rivers, a civilization emerged that would lay the very foundations of human society. This was Sumer, a land of unparalleled innovation, where the future was not just imagined, but meticulously engineered. From the invention of writing to the birth of cities, the Sumerians were true pioneers, shaping a legacy that continues to resonate thousands of years later.

## 1. The Rise of the Civilization



Narrator: The story of Sumer begins not with a bang, but with the slow, deliberate cultivation of a challenging landscape. Around 6500 to 4100 BC, during the Ubaid period, early inhabitants began to drain marshes, develop irrigation systems, and establish the first permanent settlements in southern Mesopotamia [1]. These Proto-Euphrateans, as some scholars call them, laid the groundwork for what was to come, transforming a harsh environment into a breadbasket through ingenuity and collective effort [1].



The true ascent of Sumerian civilization, however, is often attributed to the Uruk period, spanning approximately 4100 to 2900 BC [1]. This era witnessed a profound transformation: small agricultural villages blossomed into sprawling, stratified, temple-centered cities. Uruk, one of the most prominent, grew to house over 50,000 inhabitants, becoming the world\'s first truly urban center [1]. This rapid urbanization was fueled by a surplus of agricultural goods, facilitated by extensive canal networks, and managed by centralized administrations that employed specialized workers [1].



It was during this period that the Sumerians gifted humanity with one of its most revolutionary inventions: writing. Initially pictographic, these early symbols evolved into the sophisticated cuneiform script, a system that allowed for the meticulous recording of laws, literature, and daily life [1]. This innovation was not merely a tool for administration; it was the bedrock of knowledge transfer, enabling complex thought and societal organization on an unprecedented scale. The earliest known texts, dating from around 3350 to 2500 BC, hail from the Sumerian cities of Uruk and Jemdet Nasr [1].



Early Sumerian city-states were often theocratic, led by priest-kings, or *ensi*, who were assisted by councils of elders [1]. These leaders were not just political figures; they were seen as intermediaries between the gods and the people, ensuring divine favor and societal harmony. While many early names from the Sumerian King List are legendary, figures like Enmebaragesi of Kish are historically attested, marking the transition from myth to recorded history [1]. The Early Dynastic period, from around 2900 to 2334 BC, saw the rise of powerful city-states constantly vying for dominance, leading to the construction of formidable city walls and the emergence of legendary figures like Gilgamesh, who is credited with building the walls of Uruk [1].

## 2. The Peak of its Power



Narrator: The Sumerian civilization reached its zenith during various periods, marked by significant advancements in governance, culture, and military prowess. The Early Dynastic period saw the flourishing of independent city-states, each a vibrant hub of innovation and power. Though often in conflict, these city-states contributed to a rich tapestry of Sumerian culture. The First Dynasty of Lagash, for instance, under leaders like Eannatum, briefly forged an empire that encompassed much of Sumer and extended into Elam and along the Persian Gulf [1]. This period showcased the Sumerians\' capacity for organized warfare and territorial expansion, even if such empires were often short-lived.



Beyond military might, the peak of Sumerian power was characterized by profound societal organization. The Code of Ur-Nammu, predating Hammurabi\'s code, offers a glimpse into their sophisticated legal system, distinguishing between free persons (*lu*) and slaves (*geme* or *arad*) [1]. Women, particularly in early Sumer, held significant public roles as priestesses and possessed rights to own property and conduct business, though their status would later decline [1].


The Sumerians were relentless innovators, and their inventions laid the groundwork for countless future civilizations. They are credited with the invention of the wheel, cuneiform script, arithmetic, geometry, and sophisticated irrigation systems [1]. Their understanding of astronomy allowed them to create a lunisolar calendar, and their mastery of bronze, leatherworking, and various tools demonstrates their advanced technological capabilities [1].



However, the fragmentation of Sumerian city-states made them vulnerable to external forces. Around 2334 BC, Sargon of Akkad, a Semitic-speaking king, rose to power and established the Akkadian Empire, the world\'s first dynastic empire [1]. Sargon conquered the Sumerian city-states, uniting Mesopotamia under a single ruler. While Sumerian continued as a sacred and literary language, Akkadian became the language of administration and daily life [1]. This marked a significant turning point, as Sumerian political dominance began to wane.

## 3. The Fall of the Civilization



Narrator: The fall of Sumer was not a single event, but a gradual decline marked by internal strife, foreign invasions, and environmental challenges. The Akkadian Empire, after about a century and a half of rule, crumbled under the pressure of internal rebellions and the invasion of the Gutians, a semi-nomadic people from the Zagros Mountains, around 2193 BC [1]. The Gutian period is often considered a ""dark age,"" with a decline in centralized authority and a return to fragmented city-states [1].

Yet, the Sumerian spirit was not extinguished. A brief but brilliant resurgence occurred during the Third Dynasty of Ur, from approximately 2112 to 2004 BC [1]. Under the leadership of Ur-Nammu and his son Shulgi, Sumerian culture experienced a renaissance. Ur-Nammu is renowned for his legal code, one of the earliest known, and for the construction of the Great Ziggurat of Ur, a testament to Sumerian architectural prowess [1]. This period saw a reunification of much of Mesopotamia and a flourishing of art, literature, and administration.



However, this revival was short-lived. The Sumerian heartland was facing a catastrophic environmental crisis. Centuries of intensive irrigation, coupled with an arid climate and high evaporation rates, led to a dramatic increase in soil salinity [1]. The once-fertile fields became barren, agricultural yields plummeted, and the economic foundation of Sumerian civilization began to crumble. This ecological disaster forced a major population shift from southern Mesopotamia to the north, further weakening the Sumerian city-states [1].



The final blow came in the form of new waves of invaders. Around 2004 BC, the Elamites invaded from the east and sacked the city of Ur, bringing the Third Dynasty to an end [1]. Simultaneously, Amorite tribes from the west began to infiltrate and settle in Mesopotamia, establishing their own independent states. The Sumerians, weakened by environmental degradation and constant warfare, were unable to resist these new forces.

## 4. The Succession



Narrator: The fall of Ur did not mark the end of civilization in Mesopotamia, but rather a transition of power. The Amorites, who had gradually settled in the region, established several new city-states, including Isin, Larsa, and, most notably, Babylon. The period following the collapse of the Ur III dynasty is known as the Isin-Larsa period, characterized by a struggle for dominance between these two cities [1].

Ultimately, it was Babylon, under the rule of the brilliant lawgiver Hammurabi, that emerged as the new center of power in Mesopotamia around 1800 BC [1]. Hammurabi unified the region, creating the Babylonian Empire. While the Sumerians as a distinct political entity had vanished, their cultural legacy was far from extinct. The Babylonians, and later the Assyrians, adopted and adapted many aspects of Sumerian culture, including their writing system, religion, literature, and scientific knowledge [1].



Sumerian continued to be used as a sacred and scholarly language for centuries, much like Latin in medieval Europe [1]. The Epic of Gilgamesh, one of the world\'s oldest works of literature, was preserved and translated by Babylonian scribes. The Sumerian pantheon of gods was integrated into the Babylonian and Assyrian religions. And the fundamental inventions of the Sumerians—writing, the wheel, the 60-minute hour—became the inheritance of all subsequent civilizations.

## Conclusion



Narrator: Though their civilization has long since turned to dust, the Sumerians\' influence is indelibly etched into the fabric of our modern world. They were the first to build cities, the first to write laws, the first to gaze at the stars and map the heavens. Their story is a powerful reminder that even the mightiest empires can fall, but the echoes of innovation and the pursuit of knowledge can resonate for millennia. The Sumerians may have invented the future in ancient Iraq, but their legacy belongs to all of humanity.

## References

[1] Wikipedia. (n.d.). *Sumer*. Retrieved from https://en.wikipedia.org/wiki/Sumer
","# Pictory Visual Prompts: The Sumerians: Inventing the Future in Ancient Iraq

## Introduction

*   **Scene 1:** Opening shot of the Mesopotamian landscape. Wide, sweeping drone shot over the Tigris and Euphrates rivers, showcasing the fertile crescent. Golden hour lighting.
    *   **Text Overlay:** ""The Cradle of Civilization""
    *   **Narration:** ""In the fertile crescent, nestled between the mighty Tigris and Eupheres rivers, a civilization emerged that would lay the very foundations of human society.""

*   **Scene 2:** Transition to an artistic rendering or animation of an ancient Sumerian city, perhaps Uruk, with ziggurats and bustling activity.
    *   **Text Overlay:** ""Sumer: Where the Future!""
    *   **Narration:** ""This was Sumer! A land of unparalleled innovation, where the future was not just imagined, but meticulously engineered. From the invention of the wheel to the birth of cities, the Sumerians were true pioneers, shaping a legacy that continues to resonate thousands of years later.""

## 1. The Rise of the Civilization

*   **Scene 3:** Animation showing the gradual settlement of Mesopotamia. Time-lapse of early mud-brick huts forming small villages, with people engaged in basic agriculture. Focus on the Ubaid period.
    *   **Visuals:** Ubaid period pottery fragments, early irrigation channels being dug.
    *   **Narration:** ""The story of Sumer begins not with a bang, but with the slow, deliberate cultivation of a challenging landscape. Around 6500 to 4100 BC, during the Ubaid period, early inhabitants began to drain marshes, develop irrigation systems, and establish the first permanent settlements in southern Mesopotamia.""

*   **Scene 4:** Transition to a more developed Uruk period city. Bustling market scenes, people working, construction of larger buildings (temple). Animated representation of population growth.
    *   **Visuals:** Overhead view of a growing city, detailed architectural renderings of Uruk.
    *   **Narration:** ""The true ascent of Sumerian civilization, however, is often attributed to the Uruk period, spanning approximately 4100 to 2900 BC. This era witnessed a profound transformation: small agricultural villages blossomed into sprawling, stratified, temple-centered cities. Uruk, one of the most prominent, grew to house over 50,000 inhabitants, becoming the world\'s first truly urban center.""

*   **Scene 5:** Close-up on cuneiform tablets. Animation showing pictograms gradually evolving into wedge-shaped cuneiform symbols. Scribes at work.
    *   **Visuals:** Various examples of early Sumerian writing, from simple pictograms to complex cuneiform.
    *   **Text Overlay:** ""Cuneiform: The Dawn of Written Language""
    *   **Narration:** ""It was during this period that the Sumerians gifted humanity with one of its most revolutionary inventions: writing. Initially pictographic, these early symbols evolved into the sophisticated cuneiform script, a system that allowed for the meticulous recording of laws, literature, and daily life.""

*   **Scene 6:** Artistic depiction of an early Sumerian priest-king (ensi) addressing his people, perhaps near a temple. Focus on leadership and early governance.
    *   **Visuals:** Stylized representations of early Sumerian leaders, possibly Enmebaragesi or a generic priest-king.
    *   **Narration:** ""Early Sumerian city-states were often theocratic, led by priest-kings, or *ensi*, who were assisted by the public and the council of elders. These leaders were not just political figures; they were seen as intermediaries between the gods and the people, ensuring divine favor and societal harmony. While many early names from the Sumerian King List are legendary, figures like Enmebaragesi of Kish are historically attested, marking the transition from myth to recorded history. The Early Dynastic period, from around 2900 to 2334 BC, saw the rise of powerful city-states constantly vying for dominance, leading to the construction of formidable city walls and the emergence of legendary figures like Gilgamesh, who is credited with building the walls of Uruk.""

## 2. The Peak of its Power

*   **Scene 7:** Animated map showing the expansion of Sumerian influence, highlighting the First Dynasty of Lagash. Overlay of trade routes.
    *   **Visuals:** Map with arrows indicating trade and military expansion. Artistic rendering of Eannatum of Lagash.
    *   **Narration:** ""The Sumerian civilization reached its zenith during various periods, marked by significant advancements in governance, culture, and military prowess. The Early Dynastic period saw the flourishing of independent city-states, each a vibrant hub of innovation and power. Though often in conflict, these city-states contributed to a rich tapestry of Sumerian culture. The First Dynasty of Lagash, for instance, under leaders like Eannatum, briefly forged an empire that encompassed much of Sumer and extended into Elam and along the Persian Gulf. This period showcased the Sumerians\' capacity for organized warfare and territorial expansion, even if such empires were often short-lived.""

*   **Scene 8:** Scenes of Sumerian daily life. Artisans crafting goods, scribes writing, farmers in irrigated fields, a depiction of a legal proceeding (Code of Ur-Nammu).
    *   **Visuals:** Recreations of Sumerian workshops, agricultural scenes, a court scene with a judge and litigants.
    *   **Text Overlay:** ""Code of Ur-Nammu: Early Justice""
    *   **Narration:** ""Beyond military might, the peak of Sumerian power was characterized by profound societal organization. The Code of Ur-Nammu, predating Hammurabi\'s code, offers a glimpse into their sophisticated legal system, distinguishing between free persons (*lu*) and slaves (*geme* or *arad*). Women, particularly in early Sumer, held significant public roles as priestesses and possessed rights to own property and conduct business, though their status would later decline.""

*   **Scene 9:** Montage of Sumerian inventions: a spinning potter\'s wheel, a cart with wheels, an abacus or early counting system, astronomical observations (stars, moon), bronze tools being forged.
    *   **Visuals:** Dynamic shots of each invention in action.
    *   **Text Overlay:** ""Sumerian Innovations: Shaping the World!""
    *   **Narbon:** ""The Sumerians were relentless innovators, and their inventions laid the groundwork for countless future civilizations. They are credited with the invention of the wheel, cuneiform script, arithmetic, geometry, and sophisticated irrigation systems. Their understanding of astronomy allowed them to create a lunisolar calendar, and their mastery of bronze, leatherworking, and various tools demonstrates their advanced technological capabilities.""

(Content truncated due to size limit. Use line ranges to read remaining content)